,loss,val_loss,acc,val_acc
0,,,0.5000817116616936,0.502091684815835
1,,,0.5000817116616936,0.502091684815835
2,,,0.5000817116616936,0.502091684815835
3,,,0.5000817116616936,0.502091684815835
4,,,0.5000817116616936,0.502091684815835
5,,,0.5000817116616936,0.502091684815835
6,,,0.5000817116616936,0.502091684815835
7,,,0.5000817116616936,0.502091684815835
8,,,0.5000817116616936,0.502091684815835
9,,,0.5000817116616936,0.502091684815835
