{
  "embed_dim": 25,
  "dropout_rate": 0.17863090122972175,
  "weight_decay": 2.1769218689858995e-05
}