Model,Loss,Accuracy,AUC,Max. Speedup,Best Threshold
deepset_cartesian,0.6326069831848145,0.6363949775695801,0.699286279725,2.4847770523279737,0.6184668
deepset_combined_cartesian,0.4759317934513092,0.7752825021743774,0.8516842387875,4.757560774213842,1.7565565
deepset_gcn_cartesian,0.6245922446250916,0.646619975566864,0.7070236989875,2.7336975235358283,1.1926049
deepset_combined_wgcn_cartesian,0.46728792786598206,0.778612494468689,0.8592068248875001,5.235707450444291,1.9926026
transformer_cartesian,0.44072839617729187,0.7949525117874146,0.871876973175,5.301127890812587,1.77428
deepset_combined_wgcn_normalized_cartesian,0.47700557112693787,0.7733075022697449,0.8509875692875,4.979157712511939,1.7213917
optimal_model_cylindrical,0.4316387474536896,0.8006824851036072,0.8799840624625,6.009490466628911,1.8994148
