Model,Loss,Accuracy,AUC,Max. Speedup,Best Threshold
deepset_cartesian,0.6326069831848145,0.6363949775695801,0.699286279725,2.4847770523279737,0.6184668
deepset_combined_cartesian,0.4759317934513092,0.7752825021743774,0.8516842387875,4.757560774213842,1.7565565
deepset_gcn_cartesian,0.6141135692596436,0.6604825258255005,0.7205868720125002,2.7949895819134225,1.1490693
deepset_combined_wgcn_cartesian,0.4635297954082489,0.7801474928855896,0.8616272623125,5.3226955214769855,1.5859993
transformer_cartesian,0.44072839617729187,0.7949525117874146,0.871876973175,5.301127890812587,1.77428
deepset_combined_wgcn_normalized_cartesian,0.7017850875854492,0.4713574945926666,0.5170325609124999,1.1119900627021402,-0.27201626
optimal_model_cylindrical,0.4316387474536896,0.8006824851036072,0.8799840624625,6.009490466628911,1.8994148
